ticker,report_date,timing,actual_move_pct,max_abs_1d_in_window,date_source
NVDA,8/26/2026,AMC,8.74,8.74,nasdaq
NVDA,5/20/2026,AMC,-1.77,1.9,nasdaq
NVDA,2/25/2026,AMC,-5.46,5.46,nasdaq
NVDA,11/19/2025,AMC,-3.15,3.15,nasdaq
NVDA,11/20/2024,AMC,0.53,4.89,memory
NVDA,2/26/2025,AMC,-8.48,8.48,memory
NVDA,5/28/2025,AMC,3.25,3.25,memory
NVDA,8/27/2025,AMC,-0.79,3.32,memory
AMD,8/4/2026,AMC,-7.04,7.04,nasdaq
AMD,5/5/2026,AMC,18.61,18.61,nasdaq
AMD,2/3/2026,AMC,-17.31,17.31,nasdaq
AMD,11/4/2025,AMC,2.51,7.27,nasdaq
AMD,10/29/2024,AMC,-10.62,10.62,memory
AMD,2/4/2025,AMC,-6.27,6.27,memory
AMD,5/6/2025,AMC,1.76,1.96,memory
AMD,8/5/2025,AMC,-6.42,6.42,memory
AVGO,9/2/2026,AMC,-2.74,2.74,nasdaq
AVGO,6/3/2026,AMC,-12.59,12.59,nasdaq
AVGO,3/4/2026,AMC,4.8,4.8,nasdaq
AVGO,12/11/2025,AMC,-11.43,11.43,nasdaq
AVGO,12/12/2024,AMC,24.43,24.43,memory
AVGO,3/6/2025,AMC,8.64,8.64,memory
AVGO,6/5/2025,AMC,-5.0,5.0,memory
AVGO,9/4/2025,AMC,9.41,9.41,memory
MU,6/24/2026,AMC,15.74,15.74,nasdaq
MU,3/18/2026,AMC,-3.78,4.81,nasdaq
MU,12/17/2025,AMC,10.21,10.21,nasdaq
MU,9/23/2025,AMC,-2.82,3.02,nasdaq
MU,9/25/2024,AMC,14.73,14.73,memory
MU,12/18/2024,AMC,-16.18,16.18,memory
MU,3/20/2025,AMC,-8.04,8.04,memory
MU,6/25/2025,AMC,-0.98,4.78,memory
TSM,7/16/2026,BMO,-2.32,2.77,nasdaq
TSM,4/16/2026,BMO,-3.13,3.13,nasdaq
TSM,1/15/2026,BMO,4.44,4.45,nasdaq
TSM,10/16/2025,BMO,-1.6,2.96,nasdaq
TSM,10/17/2024,BMO,9.79,9.79,memory
TSM,1/16/2025,BMO,3.86,3.86,memory
TSM,4/17/2025,BMO,0.05,3.6,memory
TSM,7/17/2025,BMO,3.38,3.38,memory
ASML,7/15/2026,BMO,2.23,2.87,nasdaq
ASML,4/15/2026,BMO,-2.41,4.79,nasdaq
ASML,1/28/2026,BMO,-2.18,2.92,nasdaq
ASML,10/15/2025,BMO,2.71,2.71,nasdaq
ASML,10/15/2024,BMO,-16.26,16.26,memory
ASML,1/29/2025,BMO,4.29,4.29,memory
ASML,4/16/2025,BMO,-7.06,7.06,memory
ASML,7/16/2025,BMO,-8.33,8.33,memory
AMAT,8/13/2026,AMC,-5.12,5.55,nasdaq
AMAT,5/14/2026,AMC,-0.89,5.28,nasdaq
AMAT,2/12/2026,AMC,8.08,8.08,nasdaq
AMAT,11/13/2025,AMC,1.25,3.25,nasdaq
AMAT,11/14/2024,AMC,-9.2,9.2,memory
AMAT,2/13/2025,AMC,-8.18,8.18,memory
AMAT,5/15/2025,AMC,-5.25,5.25,memory
AMAT,8/14/2025,AMC,-14.07,14.07,memory
LRCX,7/29/2026,AMC,17.98,17.98,nasdaq
LRCX,4/22/2026,AMC,-2.63,3.57,nasdaq
LRCX,1/28/2026,AMC,3.59,7.0,nasdaq
LRCX,10/22/2025,AMC,4.45,4.45,nasdaq
LRCX,10/23/2024,AMC,5.09,5.09,memory
LRCX,1/29/2025,AMC,7.43,7.43,memory
LRCX,4/23/2025,AMC,6.25,6.25,memory
LRCX,7/30/2025,AMC,-4.29,4.29,memory
KLAC,7/28/2026,AMC,-10.8,10.8,nasdaq
KLAC,4/29/2026,AMC,-3.63,4.79,nasdaq
KLAC,1/29/2026,AMC,-15.24,15.24,nasdaq
KLAC,10/29/2025,AMC,-1.69,2.42,nasdaq
KLAC,10/30/2024,AMC,-3.7,3.7,memory
KLAC,1/30/2025,AMC,-0.56,4.13,memory
KLAC,4/30/2025,AMC,-3.75,3.75,memory
KLAC,7/24/2025,AMC,-0.23,2.33,memory
MRVL,8/27/2026,AMC,-10.28,10.28,nasdaq
MRVL,5/27/2026,AMC,3.09,6.08,nasdaq
MRVL,3/5/2026,AMC,18.35,18.35,nasdaq
MRVL,12/2/2025,AMC,7.87,7.87,nasdaq
MRVL,12/3/2024,AMC,23.19,23.19,memory
MRVL,3/5/2025,AMC,-19.81,19.81,memory
MRVL,5/29/2025,AMC,-5.55,5.55,memory
MRVL,8/28/2025,AMC,-18.6,18.6,memory
