t,d,imp,act,absa,conf,ratio,beat,up
NVDA,11/20/2024,7.5,0.53,0.53,low,0.07066666666666667,False,True
NVDA,2/26/2025,10.66,-8.48,8.48,high,0.7954971857410882,False,False
NVDA,5/28/2025,7.3,3.25,3.25,low,0.4452054794520548,False,True
NVDA,8/27/2025,6.99,-0.79,0.79,high,0.11301859799713877,False,False
NVDA,11/19/2025,7.0,-3.15,3.15,high,0.45,False,False
NVDA,2/25/2026,5.6,-5.46,5.46,high,0.9750000000000001,False,False
NVDA,5/20/2026,6.5,-1.77,1.77,high,0.2723076923076923,False,False
NVDA,8/26/2026,5.4,8.74,8.74,high,1.6185185185185185,True,True
AMD,10/29/2024,7.4,-10.62,10.62,med,1.435135135135135,True,False
AMD,2/4/2025,7.9,-6.27,6.27,med,0.7936708860759493,False,False
AMD,5/6/2025,8.2,1.76,1.76,med,0.21463414634146344,False,True
AMD,8/5/2025,7.0,-6.42,6.42,med,0.9171428571428571,False,False
AMD,11/4/2025,6.9,2.51,2.51,med,0.36376811594202896,False,True
AMD,2/3/2026,6.6,-17.31,17.31,med,2.6227272727272726,True,False
AMD,5/5/2026,7.0,18.61,18.61,med,2.6585714285714284,True,True
AMD,8/4/2026,7.8,-7.04,7.04,high,0.9025641025641026,False,False
AVGO,12/12/2024,6.7,24.43,24.43,high,3.6462686567164178,True,True
AVGO,6/5/2025,6.1,-5.0,5.0,high,0.819672131147541,False,False
AVGO,9/4/2025,7.3,9.41,9.41,high,1.289041095890411,True,True
AVGO,6/3/2026,9.0,-12.59,12.59,high,1.3988888888888888,True,False
AVGO,9/2/2026,8.7,-2.74,2.74,med,0.3149425287356322,False,False
MU,9/25/2024,8.7,14.73,14.73,high,1.6931034482758622,True,True
MU,12/18/2024,9.0,-16.18,16.18,low,1.7977777777777777,True,False
MU,9/23/2025,8.8,-2.82,2.82,high,0.32045454545454544,False,False
MU,6/24/2026,11.03,15.74,15.74,high,1.4270172257479603,True,True
TSM,4/16/2026,7.13,-3.13,3.13,med,0.43899018232819076,False,False
TSM,7/16/2026,6.65,-2.32,2.32,high,0.3488721804511278,False,False
ASML,10/15/2024,6.43,-16.26,16.26,high,2.5287713841368586,True,False
ASML,1/29/2025,7.05,4.29,4.29,high,0.6085106382978723,False,True
ASML,4/16/2025,6.51,-7.06,7.06,high,1.0844854070660521,True,False
ASML,7/16/2025,7.0,-8.33,8.33,med,1.19,True,False
ASML,4/15/2026,7.15,-2.41,2.41,med,0.33706293706293705,False,False
ASML,7/15/2026,7.1,2.23,2.23,high,0.31408450704225355,False,True
AMAT,11/14/2024,5.73,-9.2,9.2,high,1.6055846422338567,True,False
AMAT,2/13/2025,5.8,-8.18,8.18,high,1.410344827586207,True,False
AMAT,5/15/2025,6.61,-5.25,5.25,high,0.794251134644478,False,False
AMAT,8/14/2025,5.56,-14.07,14.07,high,2.5305755395683454,True,False
AMAT,11/13/2025,7.18,1.25,1.25,high,0.17409470752089137,False,True
AMAT,2/12/2026,7.4,8.08,8.08,low,1.0918918918918918,True,True
AMAT,5/14/2026,6.0,-0.89,0.89,high,0.14833333333333334,False,False
AMAT,8/13/2026,7.5,-5.12,5.12,med,0.6826666666666666,False,False
LRCX,10/23/2024,6.1,5.09,5.09,high,0.8344262295081968,False,True
LRCX,1/29/2025,6.6,7.43,7.43,high,1.1257575757575757,True,True
LRCX,4/23/2025,5.4,6.25,6.25,high,1.1574074074074074,True,True
LRCX,7/30/2025,5.9,-4.29,4.29,med,0.7271186440677966,False,False
LRCX,10/22/2025,5.8,4.45,4.45,high,0.7672413793103449,False,True
LRCX,1/28/2026,7.92,3.59,3.59,high,0.4532828282828283,False,True
LRCX,4/22/2026,6.0,-2.63,2.63,high,0.4383333333333333,False,False
LRCX,7/29/2026,9.5,17.98,17.98,high,1.8926315789473684,True,True
KLAC,1/30/2025,2.6,-0.56,0.56,high,0.2153846153846154,False,False
KLAC,7/28/2026,20.7,-10.8,10.8,high,0.5217391304347827,False,False
KLAC,4/29/2026,11.02,-3.63,3.63,low,0.3294010889292196,False,False
MRVL,12/3/2024,8.5,23.19,23.19,high,2.7282352941176473,True,True
MRVL,3/5/2025,10.6,-19.81,19.81,high,1.8688679245283017,True,False
MRVL,5/29/2025,8.6,-5.55,5.55,high,0.6453488372093024,False,False
MRVL,8/28/2025,7.0,-18.6,18.6,high,2.6571428571428575,True,False
MRVL,12/2/2025,10.8,7.87,7.87,high,0.7287037037037036,False,True
MRVL,3/5/2026,11.0,18.35,18.35,med,1.6681818181818182,True,True
MRVL,5/27/2026,13.0,3.09,3.09,high,0.23769230769230767,False,True
MRVL,8/27/2026,9.58,-10.28,10.28,high,1.0730688935281836,True,False
